timestamp,sender,message
2024-01-15 08:05:00,Alice,"Good morning! Just woke up, coffee is already brewing ☕"
2024-01-15 08:07:00,Bob,Morning! You're an early bird today
2024-01-15 08:09:00,Alice,"Haha not really, I've been awake since 6. Couldn't sleep"
2024-01-15 08:12:00,Bob,Same honestly. Slept at 2am last night working on that project
2024-01-15 08:15:00,Alice,The deadline is killing me too. Boss wants it by Friday
2024-01-15 08:18:00,Bob,Friday?! That's impossible
2024-01-15 08:20:00,Alice,I know lol. Gonna have a long week
2024-01-15 09:30:00,Alice,Hey btw did you see that new pizza place opened near office?
2024-01-15 09:32:00,Bob,Yes! Been dying to try it
2024-01-15 09:34:00,Alice,Should we go for lunch today? I'm craving pizza so bad
2024-01-15 09:36:00,Bob,Omg yes please. 1pm?
2024-01-15 09:37:00,Alice,Perfect! ❤️ I need comfort food after this morning meeting
2024-01-15 11:00:00,Alice,Meeting was brutal. My boss literally roasted my entire presentation 😭
2024-01-15 11:02:00,Bob,Oh no!! What happened?
2024-01-15 11:05:00,Alice,He said the numbers don't add up and the design looks unprofessional. I worked so hard on it
2024-01-15 11:07:00,Bob,That's awful. You should have seen how stressed you looked this morning
2024-01-15 11:09:00,Alice,I cried a little ngl. Not my best moment
2024-01-15 11:11:00,Bob,Hey no shame in that. Work stress is real
2024-01-15 11:14:00,Alice,I just feel so frustrated. I put in 3 nights of overtime
2024-01-15 11:16:00,Bob,Your boss sounds really harsh honestly. You work so hard
2024-01-15 12:58:00,Alice,Leaving for pizza! You coming?
2024-01-15 13:00:00,Bob,Already at the door! 😄
2024-01-15 14:30:00,Alice,That pizza was AMAZING. Best decision today
2024-01-15 14:31:00,Bob,The cheese pull!! 🧀😍
2024-01-15 14:33:00,Alice,My diet is ruined but worth it lol
2024-01-15 14:35:00,Bob,You don't need a diet you're fine haha
2024-01-15 18:00:00,Alice,Still at the office. Going to be another late night 😞
2024-01-15 18:03:00,Bob,Same. Want to grab dinner after?
2024-01-15 18:05:00,Alice,Yes! My husband said he'll cook but I feel bad going home so late again
2024-01-15 18:08:00,Bob,Oh he cooks? Lucky you 😂
2024-01-15 18:10:00,Alice,Haha he's actually a great cook. Better than me tbh
2024-01-15 22:30:00,Alice,Finally heading home. 10:30pm... this is becoming a habit
2024-01-15 22:33:00,Bob,That's too late. You need rest
2024-01-15 22:35:00,Alice,I know. My body is exhausted. But project isn't done yet
2024-01-15 22:38:00,Bob,"We'll get through it. Goodnight Alice, get some rest!"
2024-01-15 22:40:00,Alice,Night! Thanks for being such a good friend ❤️
2024-01-16 07:55:00,Alice,Morning again! Slept like 5 hours but coffee is helping 😅
2024-01-16 08:00:00,Bob,You need more sleep seriously
2024-01-16 08:03:00,Alice,I know I know. Btw my dog was so happy to see me last night
2024-01-16 08:05:00,Bob,Aww what kind of dog?
2024-01-16 08:07:00,Alice,Golden retriever! His name is Mochi 🐕
2024-01-16 08:10:00,Bob,That's the cutest name lol
2024-01-16 08:12:00,Alice,He literally waited by the door till I got home. Made my whole night
2024-01-16 08:30:00,Alice,Oh I forgot to mention - I'm going on a trip next month!
2024-01-16 08:32:00,Bob,Really?? Where??
2024-01-16 08:34:00,Alice,Bali! My husband and I have been planning it for months
2024-01-16 08:36:00,Bob,Omg that's amazing!! You need this break
2024-01-16 08:38:00,Alice,"I KNOW. Flights are booked, hotel is booked. So excited!!  🌴✈️"
2024-01-16 08:42:00,Bob,Take me with you lmao
2024-01-16 08:44:00,Alice,Haha you can come next time! It's our anniversary trip
2024-01-16 08:46:00,Bob,Aww happy early anniversary! How many years?
2024-01-16 08:48:00,Alice,Three years this February! 🎉
2024-01-16 08:50:00,Bob,That's so sweet. You two are goals honestly
2024-01-16 09:15:00,Alice,Work time 😤 wish me luck on the revised presentation
2024-01-16 09:17:00,Bob,You've got this! Fingers crossed 🤞
2024-01-16 11:30:00,Alice,HE LIKED IT!!!! 🎉🎉🎉
2024-01-16 11:31:00,Bob,NO WAY!! 😱😱
2024-01-16 11:32:00,Alice,"He literally said ""this is much better"" omg I almost cried again lmao"
2024-01-16 11:34:00,Bob,I told you!! You're amazing at your job
2024-01-16 11:36:00,Alice,I'm so relieved. Going to celebrate with a huge lunch today
2024-01-16 11:38:00,Bob,You deserve it!! Burger? Sushi?
2024-01-16 11:40:00,Alice,SUSHI. Definitely sushi. Craving it so hard
2024-01-16 11:42:00,Bob,Let's go!! My treat since you crushed that presentation 🍣
2024-01-16 13:00:00,Alice,Sushi was perfect. I love tuna so much 🐟
2024-01-16 13:02:00,Bob,Same. That salmon was 🔥
2024-01-16 13:05:00,Alice,We should come here every week honestly
2024-01-16 13:08:00,Bob,My wallet says no lol
2024-01-16 13:10:00,Alice,Haha fair. Okay twice a month 😂
2024-01-16 17:00:00,Alice,Heading out on time today! First time this week!
2024-01-16 17:02:00,Bob,Growth! 📈
2024-01-16 17:05:00,Alice,Gym then home. Trying to be healthier this year
2024-01-16 17:08:00,Bob,Good for you! I should start going too
2024-01-16 17:10:00,Alice,Come with me! I go to FitLife on Main Street
2024-01-16 17:12:00,Bob,Maybe next week. You'll hold me accountable?
2024-01-16 17:14:00,Alice,Deal! I'll drag you there haha 😆
2024-01-16 23:00:00,Alice,Couldn't sleep again. Watching random YouTube videos at 11pm
2024-01-16 23:03:00,Bob,You said gym then healthy habits 😂
2024-01-16 23:05:00,Alice,Gym happened! Sleep didn't lol. My brain won't turn off
2024-01-16 23:08:00,Bob,Classic you. At least you worked out
2024-01-16 23:10:00,Alice,True. Okay forcing myself to sleep now. Night!
2024-01-16 23:12:00,Bob,Goodnight Alice! Sweet dreams 🌙
2024-01-17 08:10:00,Alice,Morning! Got 7 hours of sleep finally 😊
2024-01-17 08:12:00,Bob,PROGRESS!! How do you feel?
2024-01-17 08:14:00,Alice,Amazing honestly. Coffee still needed but not desperately haha
2024-01-17 08:16:00,Bob,Look at you thriving
2024-01-17 08:20:00,Alice,Lol I'm trying. Big client meeting today though
2024-01-17 08:22:00,Bob,You're going to nail it. You always do
2024-01-17 08:25:00,Alice,Thanks for the confidence boost ❤️ you're the best
2024-01-17 10:30:00,Alice,Client meeting pushed to afternoon ugh
2024-01-17 10:32:00,Bob,More time to prep?
2024-01-17 10:35:00,Alice,True spin. I like it lol. What are you having for lunch today?
2024-01-17 10:37:00,Bob,Probably just salad. Trying to eat cleaner
2024-01-17 10:39:00,Alice,Oh nice! I've been trying vegan options this week
2024-01-17 10:41:00,Bob,Really?? How's that going?
2024-01-17 10:44:00,Alice,Honestly? The veggie burger I had yesterday was shockingly good
2024-01-17 10:46:00,Bob,Never thought I'd see the day lol
2024-01-17 10:48:00,Alice,Me neither!! My husband thinks I'm going through a phase 😂
2024-01-17 10:50:00,Bob,And are you? 😂
2024-01-17 10:52:00,Alice,Probably. But a healthy one haha
2024-01-17 14:00:00,Alice,Client meeting done!! They loved everything 🙌
2024-01-17 14:02:00,Bob,YESSSS!! Two wins in two days!
2024-01-17 14:05:00,Alice,I'm on a roll! Maybe the sleep really did help
2024-01-17 14:08:00,Bob,Sleep + coffee + pizza + sushi = success formula
2024-01-17 14:10:00,Alice,You forgot gym and dogs 😄
2024-01-17 14:12:00,Bob,"Alice's success formula: food, sleep, Mochi, gym lmao"
2024-01-17 14:15:00,Alice,Pretty much hahaha!!! 😂
2024-01-17 18:30:00,Alice,My parents are visiting this weekend!!
2024-01-17 18:32:00,Bob,Oh nice! You excited?
2024-01-17 18:35:00,Alice,Yes but also nervous lol. My mom will definitely comment on the apartment
2024-01-17 18:37:00,Bob,Haha moms always do
2024-01-17 18:40:00,Alice,"She'll say ""when are you having kids"" like clockwork 😅"
2024-01-17 18:42:00,Bob,The eternal question 😂
2024-01-17 18:45:00,Alice,I love her but omg. At least my dad just wants to watch football
2024-01-17 18:48:00,Bob,Your dad sounds chill
2024-01-17 18:50:00,Alice,He really is. I got my chill side from him lol
2024-01-17 22:00:00,Alice,Can't believe it's already mid January. Time flies
2024-01-17 22:02:00,Bob,I know! Bali is coming up fast
2024-01-17 22:04:00,Alice,3 more weeks!!! I'm so excited I can barely stand it 😍
2024-01-17 22:07:00,Bob,You deserve this vacation so much
2024-01-17 22:10:00,Alice,Thank you! Okay sleep time. For real this time 😄
2024-01-17 22:12:00,Bob,Goodnight! See you tomorrow 🌙
